f1,f2,f3,f4,f5,f6,f7,f8,f9,f10
"11,dc",abcde,abc,ab,abcde,abcde,abcde,abcde,abcde,abcde
abcde,abcde,abc,ab,abcde,abcde,abcde,abcde,abcde,abcde
abcde,abcde,abc,ab,abcde,abcde,abcde,abcde,abcde,abcde
abcde,abcde,abc,ab,abcde,abcde,abcde,abcde,abcde,abcde
abcde,abcde,abc,ab,abcde,abcde,abcde,abcde,abcde,abcde
abcde,abcde,abc,ab,abcde,abcde,abcde,abcde,abcde,abcde
abcde,abcde,abc,ab,abcde,abcde,abcde,abcde,abcde,abcde
abcde,abcde,abc,ab,abcde,abcde,abcde,abcde,abcde,abcde
abcde,abcde,abc,ab,abcde,abcde,abcde,abcde,abcde,abcde
abcde,abcde,abc,ab,abcde,abcde,abcde,abcde,abcde,abcde
